שיחות בגן עדן | רדיו 103FM	410
	רקע קצר	תאריך עלייה	מקור
עושים שלום	פרק על הקולות המנוגדים בתוכנו, אינטגרציה בין חלקי המוח והדרך לייצר שלום ושקט פנימי.	45664	https://www.tatmuda.com/the-content-directory/podcast-heaven/
הקול בראש	על הרעש של המיינד, הקולות הפנימיים שמנהלים אותנו והיכולת להנמיך אותם ולפעול ממקום מאוזן יותר.	45671	https://www.tatmuda.com/the-content-directory/podcast-heaven/
אמונה	חקירה של אמונה וספק: איך גם ספק הוא אמונה, וכיצד האמונות שאנחנו מחזיקים משפיעות על המציאות והבחירות שלנו.	45678	https://www.tatmuda.com/the-content-directory/podcast-heaven/
לאן הולכים מכאן?	שיחה על התפתחות, התעלות מעל התכנות האישי והדרך לצאת מה'מכתוב' אל עבר בחירה וגרסה חדשה.	45685	https://www.tatmuda.com/the-content-directory/podcast-heaven/
חוסן באי ודאות	על התמודדות עם עולם משתנה, פחד וחוסר ודאות, ובניית חוסן פנימי שאינו תלוי במה שקורה בחוץ.	45692	https://www.tatmuda.com/the-content-directory/podcast-heaven/
הפחד מטוב	למה אנחנו מתקשים להכיל אושר, הצלחה ואהבה לאורך זמן, ואיך מזהים את הפחד שמופיע דווקא כשהכול מתחיל להסתדר.	45699	https://www.tatmuda.com/the-content-directory/podcast-heaven/
איך להפוך לגרסה המשודרגת של עצמך?	על הגרסה החדשה שכבר קיימת בתוכנו, שינוי זהות והסכמה להתגלות בלי להיאבק כדי 'להפוך' למישהו אחר.	45706	https://www.tatmuda.com/the-content-directory/podcast-heaven/
לצאת לאור - בין הסתרה לחשיפה	פרק על פחד מחשיפה, הסתרת האור והכישרון שלנו, והמעבר מהצטמצמות להסכמה להיראות.	45713	https://www.tatmuda.com/the-content-directory/podcast-heaven/
נפש בריאה בגוף בריא	שיחה פתוחה על הגוף, שינויי גיל, קבלה עצמית והקשר בין תודעה, דימוי עצמי ובריאות.	45720	https://www.tatmuda.com/the-content-directory/podcast-heaven/
למי קראת פלא? על דימוי עצמי גבוה	המשך לעיסוק בגוף ובריאות, עם דגש על דימוי עצמי גבוה, ערך עצמי והיכולת לראות בעצמנו פלא.	45727	https://www.tatmuda.com/the-content-directory/podcast-heaven/
אתם המטפלים הכי טובים של עצמכם	על הכוח של כל אדם להפוך לשותף פעיל בתהליך הריפוי שלו ולהשתמש בכלים תודעתיים לעבודה עצמית.	45741	https://www.tatmuda.com/the-content-directory/podcast-heaven/
בוקר טוב - שגרת בוקר כמתכון לרווחה	איך שגרת הבוקר משפיעה על מצב הרוח, הרווחה והאופן שבו היום כולו מתפתח, ומה אפשר לשנות כבר מהבוקר.	45749	https://www.tatmuda.com/the-content-directory/podcast-heaven/
משעבוד - לגאולה	פסח כהזדמנות לצאת מה'מֵצרים' האישיים: דפוסים, פחדים והרגלים שמחזיקים אותנו בעבדות פנימית.	45755	https://www.tatmuda.com/the-content-directory/podcast-heaven/
לפתוח את הלב לאהבה	מה מונע מאיתנו לאהוב, למה נמשכים לבלתי מושג והאם אפשר ללמוד לפתוח את הלב לאהבה בריאה ונגישה.	45783	https://www.tatmuda.com/the-content-directory/podcast-heaven/
אהבה עצמית לפני הכול	צלילה לנושא האהבה העצמית: למה קשה לנו לאהוב את עצמנו, ואיך היחסים שלנו עם עצמנו מקרינים החוצה.	45790	https://www.tatmuda.com/the-content-directory/podcast-heaven/
הגאולה שבפנים	פרק על גאולה כתהליך פנימי ועל האפשרות ליצור שינוי בעולם דרך עבודה תודעתית וחיבור פנימה.	45804	https://www.tatmuda.com/the-content-directory/podcast-heaven/
על תשוקה ומיניות	שיחה על מיניות מודעת, תשוקה והאהבה כפי שהיא מתגלמת בגוף, והקשר בין חיבור לעצמנו לבין אינטימיות.	45812	https://www.tatmuda.com/the-content-directory/podcast-heaven/
למשוך בחוטים - עם דנה בן שלומי	שיחת עומק עם דנה בן שלומי על שיקוף, סיפור אישי ועבודה תודעתית בסגנון 'למשוך בחוטים'.	45818	https://www.tatmuda.com/the-content-directory/podcast-heaven/
שפע עליך - הקוד המטאפיזי לשפע	פריידי משתפת ב'פרוטוקול שפע' ובתפיסה שלפיה שפע הוא היכולת להכיל טוב — לא רק כסף אלא גם אהבה, בריאות והגשמה.	45825	https://www.tatmuda.com/the-content-directory/podcast-heaven/
מרחב מוגן	פרק מתקופת איום ואי ודאות עם כלים של נשימה, אהבה והתכנסות פנימה כדי ליצור תחושת ביטחון ושקט תודעתי.	45826	https://www.tatmuda.com/the-content-directory/podcast-heaven/
ריפוי בינדורי	עם מאיה ורדימון על הורות מודעת וריפוי בין־דורי: כיצד עבודה של ההורה על עצמו יכולה לשנות את הדינמיקה והחוויה של הילדים.	45853	https://www.tatmuda.com/the-content-directory/podcast-heaven/
לרצות נכון	על הרצון כמצפן וכשער לשפע, ועל היכולת להסכים לרצות בלי אשמה, בושה או תחושה שזה אנוכי.	45860	https://www.tatmuda.com/the-content-directory/podcast-heaven/
אפס מאמץ	על יציאה מסטרס וריצה בלתי פוסקת, ועל מנוחה וקלות ככלים להגשמה, יצירתיות ושלווה.	45874	https://www.tatmuda.com/the-content-directory/podcast-heaven/
גיל המעבר	עם ד"ר ליאת יקיר על גיל המעבר והאפשרות לראות בו לא דעיכה אלא שער חדש ליצירה, קבלה והתחדשות.	45888	https://www.tatmuda.com/the-content-directory/podcast-heaven/
חורבן הבית - על פרידות וגירושין	על כאב של פרידה וגירושין, בניית בית פנימי מחדש והאפשרות לצמוח מתוך קריסה לגרסה חופשייה ומשודרגת.	45895	https://www.tatmuda.com/the-content-directory/podcast-heaven/
עם ישראל מעדכן חוזה תודעה	שיחה על 'חוזה תודעה' אישי וקולקטיבי, ועל האפשרות לעדכן דפוסים של קורבנות ופילוג לכיוון ריבונות, בחירה ועוצמה.	45902	https://www.tatmuda.com/the-content-directory/podcast-heaven/
חודש אלול - תחל שנה וברכותיה	אלול כ'מחנה אימונים של התודעה': חשבון נפש, חקירה פנימית והכנה לשנה חדשה כהזדמנות לקפיצת גדילה.	45909	https://www.tatmuda.com/the-content-directory/podcast-heaven/
סליחה?	לקראת יום הכיפורים: סליחה כדרך חיים וכעבודה פנימית, עם דגש על סליחה עצמית וריפוי החלקים שנפגעו.	45928	https://www.tatmuda.com/the-content-directory/podcast-heaven/
מזל טוב	מהו מזל והאם אפשר להשפיע עליו? פרק על תכנות פנימי, תת־מודע והיכולת לספר לעצמנו סיפור חדש שמייצר מציאות אחרת.	45945	https://www.tatmuda.com/the-content-directory/podcast-heaven/
אובדנות בראי המטאיזם	שיחה רגישה על אובדנות, כאב נפשי והצורך לשבור שתיקה, לזהות סימני מצוקה ולתת תמיכה וכלים למניעה.	45953	https://www.tatmuda.com/the-content-directory/podcast-heaven/
הצורך באישור חיצוני	למה גם אחרי עבודה פנימית אנחנו עדיין מחכים לאישור מבחוץ, ואיך מחזקים סמכות פנימית ואמון בעצמנו.	45958	https://www.tatmuda.com/the-content-directory/podcast-heaven/
כשהמציאות עולה על כל דמיון	על הגשמה כאורח חיים, יציאה מרדיפה אחר היעד והיכולת לחיות את החלום והשפע כבר בתוך השגרה.	45965	https://www.tatmuda.com/the-content-directory/podcast-heaven/
אדם מחפש משמעות	על משמעות, שליחות ואזור הגאונות הטבעי שלנו — והרעיון שהשליחות כבר נמצאת בתוכנו ומבקשת להתגלות.	45972	https://www.tatmuda.com/the-content-directory/podcast-heaven/
כשהפצע הופך לשליחות	רלי דגה משתפת במסע הריפוי של בנה טוהר־חיים שנפצע במלחמה, ובאופן שבו כאב עמוק יכול להפוך לשליחות ומשמעות.	45979	https://www.tatmuda.com/the-content-directory/podcast-heaven/
על חיות, שיקופים ומוח זוחלים	על בעלי החיים בחיינו כמראות וכשותפים להתפתחות, כולל השיתוף של פריידי על הפרידה מג'ויה והלימוד התודעתי שנולד ממנה.	45986	https://www.tatmuda.com/the-content-directory/podcast-heaven/
בשבילי נברא העולם	על אחריות תודעתית, הגדלת היכולת לקבל טוב ושפע, והמעבר מהצטמצמות להסכמה שהחיים יכולים להיטיב איתנו.	45993	https://www.tatmuda.com/the-content-directory/podcast-heaven/
שפע או קורבנות? תבחרו צד!	כיצד קיטור וקורבנות מחזקים הישרדות ומרחיקים תחושת שפע, ואיך שינוי עמדה פנימית פותח אפשרות לקבל יותר.	46000	https://www.tatmuda.com/the-content-directory/podcast-heaven/
אני שפע	שיחה עם שי־לי על המסע האישי שלה, האקזיט, בחירות לא שגרתיות והלך רוח שמאפשר לחוות ולחגוג שפע בלי להתנצל.	46007	https://www.tatmuda.com/the-content-directory/podcast-heaven/
ביזנס קלאס: שיעור בעסקים ותודעה	שיחה על עסקים מנקודת מבט תודעתית — מעבר למספרים ורווחים, אל הזהות, הבחירות והגישה שמאחורי העסק.	46021	https://www.tatmuda.com/the-content-directory/podcast-heaven/
המוח מחרטט אתכם	על האופן שבו המוח משחזר סיפורים ותכנותים ישנים, ועל תרגול שמסייע להנמיך את הרעש ולהתחבר ל'צופה' הפנימי.	46029	https://www.tatmuda.com/the-content-directory/podcast-heaven/
חיבור לקול הפנימי	על הקול השקט והיודע שבתוכנו, איך לזהות אותו בתוך רעש המיינד ואיך לקבל החלטות מתוך הקשבה פנימית.	46036	https://www.tatmuda.com/the-content-directory/podcast-heaven/
מטאפיזיקה ורוחניות	חקירה של שאלות יסוד על חיים, מוות, גורל ובחירה, והקשר בין מטאפיזיקה לרוחניות בחיי היומיום.	46042	https://www.tatmuda.com/the-content-directory/podcast-heaven/
מי מפחד מטוב?	למה דווקא כשמשהו טוב קורה אנחנו מתכווצים או חוששים, ואיך מגדילים את היכולת להחזיק אושר וטוב לאורך זמן.	46049	https://www.tatmuda.com/the-content-directory/podcast-heaven/
כשהפחד מפסיק לנהל אותי	על היחסים שלנו עם פחד, הדמיון בינו לבין התרגשות והאפשרות להפסיק לברוח ממנו ולהשתמש בו כתנועה קדימה.	46063	https://www.tatmuda.com/the-content-directory/podcast-heaven/
אתם הופכים למה שאתם אוכלים!	על הזנה פיזית ורגשית: לא רק מה אוכלים, אלא אילו מחשבות, מילים ואנרגיה אנחנו 'מעכלים' והופכים לחלק מהזהות.	46070	https://www.tatmuda.com/the-content-directory/podcast-heaven/
פירות הם אורות	המשך לשיח על תזונה ותודעה, עם העמקה במשמעות של מזון, פירות והאופן שבו אנחנו בוחרים במה להזין את הגוף והנפש.	46077	https://www.tatmuda.com/the-content-directory/podcast-heaven/
הגיל שלכם משקר לכם!	על לונג'ביטי והרעיון שהגיל הכרונולוגי אינו כל הסיפור; עם דגש על תשוקה, בחירות והרגלים שתומכים בחיים ארוכים ואיכותיים.	46084	https://www.tatmuda.com/the-content-directory/podcast-heaven/
הכנה לפסח	פסח כהזדמנות לראות את המציאות כמו 'סרט', לזהות את המטריקס האישי ולהיערך ליציאה מדפוסים של שעבוד לחירות.	46105	https://www.tatmuda.com/the-content-directory/podcast-heaven/
רגע של שקט	על עומס, לחץ ורעש מתמשך, והיכולת ליצור מרחב פנימי של שקט גם כשהמציאות החיצונית רועשת.	46126	https://www.tatmuda.com/the-content-directory/podcast-heaven/
למשוך בחוטים עם איריס קול	שיחה חשופה עם איריס קול על המציאות כמסך משקף, כולל מודל יהלום בלייב ועבודה על ה'חוט' הפנימי שמפעיל את הסיפור.	46133	https://www.tatmuda.com/the-content-directory/podcast-heaven/
למשוך בחוטים עם ניקי גולדשטיין	ניקי גולדשטיין בשיחה על הסרת מסכות, אמת אישית והתפתחות, כולל מודל יהלום ומשיכת חוט בשידור.	46141	https://www.tatmuda.com/the-content-directory/podcast-heaven/
חמישה מיתוסים על אהבה	ניפוץ מיתוסים על זוגיות ואהבה מהסרטים, והצגת אהבה בריאה ככזו שפוגשת פצעים וקונפליקטים וצומחת דרכם.	46148	https://www.tatmuda.com/the-content-directory/podcast-heaven/
מישהו לרוץ איתו	על זוגיות כריצה למרחקים ארוכים: חיבור לצד טריגרים וקונפליקטים, ואיך נשארים בקשר ולא בורחים כשנעשה מורכב.	46155	https://www.tatmuda.com/the-content-directory/podcast-heaven/
מורה טוב יחזיר אותך לעצמך	על תפקידו של מורה טוב — לא לספק תשובות מוכנות אלא לעורר, לטלטל ולהחזיר אותנו להקשבה ולסמכות הפנימית שלנו.	46161	https://www.tatmuda.com/the-content-directory/podcast-heaven/
לצאת נגד האוטומט	כמה מהחיים הם בחירה וכמה שחזור של דפוסים? פרק על 'המכתוב', מנגנונים אוטומטיים והיכולת לעצור ולבחור תגובה חדשה.	46168	https://www.tatmuda.com/the-content-directory/podcast-heaven/
מיתוסים על מיניות	ניפוץ מיתוסים על מיניות, תשוקה ואינטימיות, והקשר בין מיניות, תודעה, שפע ועומס שמכבה את האש.	46175	https://www.tatmuda.com/the-content-directory/podcast-heaven/
לשחרר את החיה	על החלק הפראי, היצרי והיוצר שבתוכנו, ומה קורה כשמרסנים אותו יותר מדי — במיניות, בתשוקה, בשפע ובשמחת החיים.	46182	https://www.tatmuda.com/the-content-directory/podcast-heaven/
מיתוסים על כסף	ניפוץ אמונות כמו 'כסף משחית' ו'צריך לעבוד קשה כדי להרוויח', וחקירה של חסמים תודעתיים שמונעים מאיתנו לקבל יותר.	46189	https://www.tatmuda.com/the-content-directory/podcast-heaven/
להרחיב את הכלי לשפע	על היכולת לקבל: למה אנחנו מתכווצים מול מחמאה, עזרה או שפע, ואיך מרחיבים את ה'כלי' שמסוגל להכיל יותר טוב.	46197	https://www.tatmuda.com/the-content-directory/podcast-heaven/